[
    {
        "id": "achivFortress",
        "currentProgress": 1,
        "lastCollectedReward": -1
    },
    {
        "id": "achivMakeIt",
        "currentProgress": 0,
        "lastCollectedReward": -1
    },
    {
        "id": "achivBroaden",
        "currentProgress": 0,
        "lastCollectedReward": -1
    },
    {
        "id": "achivFirepower",
        "currentProgress": 1,
        "lastCollectedReward": -1
    },
    {
        "id": "achivGoldJaunt",
        "currentProgress": 0,
        "lastCollectedReward": -1
    },
    {
        "id": "achivElixirRaid",
        "currentProgress": 0,
        "lastCollectedReward": -1
    },
    {
        "id": "achivEndless",
        "currentProgress": 0,
        "lastCollectedReward": -1
    },
    {
        "id": "achivGraysons",
        "currentProgress": 0,
        "lastCollectedReward": -1
    },
    {
        "id": "achivRemember",
        "currentProgress": 0,
        "lastCollectedReward": -1
    },
    {
        "id": "achivEnemy",
        "currentProgress": 0,
        "lastCollectedReward": -1
    },
    {
        "id": "achivLeague",
        "currentProgress": 0,
        "lastCollectedReward": -1
    },
    {
        "id": "achivHome",
        "currentProgress": 0,
        "lastCollectedReward": -1
    },
    {
        "id": "achivVoyager",
        "currentProgress": 0,
        "lastCollectedReward": -1
    },
    {
        "id": "achivWall",
        "currentProgress": 0,
        "lastCollectedReward": -1
    },
    {
        "id": "achivEffort",
        "currentProgress": 0,
        "lastCollectedReward": -1
    },
    {
        "id": "achivManpower",
        "currentProgress": 0,
        "lastCollectedReward": -1
    },
    {
        "id": "achivSkies",
        "currentProgress": 0,
        "lastCollectedReward": -1
    },
    {
        "id": "achivLaser",
        "currentProgress": 0,
        "lastCollectedReward": -1
    },
    {
        "id": "achivShells",
        "currentProgress": 0,
        "lastCollectedReward": -1
    },
    {
        "id": "achivDestruction",
        "currentProgress": 0,
        "lastCollectedReward": -1
    }
]